Sample,Chromosome,Start,End,Num_Probes,Segment_Mean
MICHE_p_TCGAb_428_429_NSP_GenomeWideSNP_6_B05_1521508,1,61735,1300687,176,-0.0069
MICHE_p_TCGAb_428_429_NSP_GenomeWideSNP_6_B05_1521508,1,1300759,1833256,126,0.1343
MICHE_p_TCGAb_428_429_NSP_GenomeWideSNP_6_B05_1521508,1,1833726,15822508,8097,-0.0118
MICHE_p_TCGAb_428_429_NSP_GenomeWideSNP_6_B05_1521508,1,15822572,15839166,15,0.503
MICHE_p_TCGAb_428_429_NSP_GenomeWideSNP_6_B05_1521508,1,15841285,16679483,345,-0.0157
MICHE_p_TCGAb_428_429_NSP_GenomeWideSNP_6_B05_1521508,1,16684955,16686246,12,0.6184
MICHE_p_TCGAb_428_429_NSP_GenomeWideSNP_6_B05_1521508,1,16686290,16766922,31,-0.251
MICHE_p_TCGAb_428_429_NSP_GenomeWideSNP_6_B05_1521508,1,16767520,21974705,3422,-0.0027
MICHE_p_TCGAb_428_429_NSP_GenomeWideSNP_6_B05_1521508,1,21974983,21994022,7,-0.3023
MICHE_p_TCGAb_428_429_NSP_GenomeWideSNP_6_B05_1521508,1,21996664,22010750,6,-1.2746
MICHE_p_TCGAb_428_429_NSP_GenomeWideSNP_6_B05_1521508,1,22011632,25256850,1916,0.0013
MICHE_p_TCGAb_428_429_NSP_GenomeWideSNP_6_B05_1521508,1,25266637,25320198,25,-0.4013
MICHE_p_TCGAb_428_429_NSP_GenomeWideSNP_6_B05_1521508,1,25320253,30265508,2402,-0.0062
MICHE_p_TCGAb_428_429_NSP_GenomeWideSNP_6_B05_1521508,1,30265585,30266509,5,-0.9324
MICHE_p_TCGAb_428_429_NSP_GenomeWideSNP_6_B05_1521508,1,30266949,40555364,5773,-0.0049
MICHE_p_TCGAb_428_429_NSP_GenomeWideSNP_6_B05_1521508,1,40556404,40562538,4,-0.9555
MICHE_p_TCGAb_428_429_NSP_GenomeWideSNP_6_B05_1521508,1,40563254,61647430,13290,-0.0013
MICHE_p_TCGAb_428_429_NSP_GenomeWideSNP_6_B05_1521508,1,61648334,61652515,4,-1.0302
MICHE_p_TCGAb_428_429_NSP_GenomeWideSNP_6_B05_1521508,1,61654137,72284670,7290,-0.0027
MICHE_p_TCGAb_428_429_NSP_GenomeWideSNP_6_B05_1521508,1,72290430,72297687,9,-0.8605
MICHE_p_TCGAb_428_429_NSP_GenomeWideSNP_6_B05_1521508,1,72302735,72345465,48,0.4558
MICHE_p_TCGAb_428_429_NSP_GenomeWideSNP_6_B05_1521508,1,72346221,75585159,1933,0.0179
MICHE_p_TCGAb_428_429_NSP_GenomeWideSNP_6_B05_1521508,1,75589078,75589169,2,-2.387
MICHE_p_TCGAb_428_429_NSP_GenomeWideSNP_6_B05_1521508,1,75593824,102225293,17417,0.0002
MICHE_p_TCGAb_428_429_NSP_GenomeWideSNP_6_B05_1521508,1,102225767,102376371,125,0.1787
MICHE_p_TCGAb_428_429_NSP_GenomeWideSNP_6_B05_1521508,1,102377979,103678909,616,0.013
MICHE_p_TCGAb_428_429_NSP_GenomeWideSNP_6_B05_1521508,1,103679009,103682946,10,-0.7974
MICHE_p_TCGAb_428_429_NSP_GenomeWideSNP_6_B05_1521508,1,103697067,104015735,148,0.0587
MICHE_p_TCGAb_428_429_NSP_GenomeWideSNP_6_B05_1521508,1,104018866,104021213,5,-0.6902
MICHE_p_TCGAb_428_429_NSP_GenomeWideSNP_6_B05_1521508,1,104029209,105476583,780,0.0296
MICHE_p_TCGAb_428_429_NSP_GenomeWideSNP_6_B05_1521508,1,105476614,105479753,16,-1.8495
MICHE_p_TCGAb_428_429_NSP_GenomeWideSNP_6_B05_1521508,1,105481433,109642611,2642,0.0207
MICHE_p_TCGAb_428_429_NSP_GenomeWideSNP_6_B05_1521508,1,109644606,109684893,27,-0.3974
MICHE_p_TCGAb_428_429_NSP_GenomeWideSNP_6_B05_1521508,1,109690352,109697556,17,-1.3522
MICHE_p_TCGAb_428_429_NSP_GenomeWideSNP_6_B05_1521508,1,109700331,152583051,9961,0.015
MICHE_p_TCGAb_428_429_NSP_GenomeWideSNP_6_B05_1521508,1,152583230,152614100,34,0.4152
MICHE_p_TCGAb_428_429_NSP_GenomeWideSNP_6_B05_1521508,1,152614118,152787202,172,-0.0211
MICHE_p_TCGAb_428_429_NSP_GenomeWideSNP_6_B05_1521508,1,152789447,152796224,37,0.6372
MICHE_p_TCGAb_428_429_NSP_GenomeWideSNP_6_B05_1521508,1,152801429,169247699,11340,0.0057
MICHE_p_TCGAb_428_429_NSP_GenomeWideSNP_6_B05_1521508,1,169264736,169272528,7,0.9084
MICHE_p_TCGAb_428_429_NSP_GenomeWideSNP_6_B05_1521508,1,169273163,174827576,3531,0.0049
MICHE_p_TCGAb_428_429_NSP_GenomeWideSNP_6_B05_1521508,1,174827723,174828549,11,0.4453
MICHE_p_TCGAb_428_429_NSP_GenomeWideSNP_6_B05_1521508,1,174832599,189289778,9666,0.0037
MICHE_p_TCGAb_428_429_NSP_GenomeWideSNP_6_B05_1521508,1,189290080,189550116,157,0.1656
MICHE_p_TCGAb_428_429_NSP_GenomeWideSNP_6_B05_1521508,1,189551118,194479104,3390,0.0126
MICHE_p_TCGAb_428_429_NSP_GenomeWideSNP_6_B05_1521508,1,194482281,194485888,2,1.6131
MICHE_p_TCGAb_428_429_NSP_GenomeWideSNP_6_B05_1521508,1,194487886,195256744,481,0.0189
MICHE_p_TCGAb_428_429_NSP_GenomeWideSNP_6_B05_1521508,1,195258387,195415915,101,0.1717
MICHE_p_TCGAb_428_429_NSP_GenomeWideSNP_6_B05_1521508,1,195416020,196758720,872,0.0211
MICHE_p_TCGAb_428_429_NSP_GenomeWideSNP_6_B05_1521508,1,196761905,196859649,103,0.2726
MICHE_p_TCGAb_428_429_NSP_GenomeWideSNP_6_B05_1521508,1,196859672,209897717,8808,-0.0008
MICHE_p_TCGAb_428_429_NSP_GenomeWideSNP_6_B05_1521508,1,209908268,209910639,3,1.3638
MICHE_p_TCGAb_428_429_NSP_GenomeWideSNP_6_B05_1521508,1,209913207,246022678,25370,0.0035
MICHE_p_TCGAb_428_429_NSP_GenomeWideSNP_6_B05_1521508,1,246026700,248930189,1762,0.0553
MICHE_p_TCGAb_428_429_NSP_GenomeWideSNP_6_B05_1521508,2,12784,3035659,2109,0.001
MICHE_p_TCGAb_428_429_NSP_GenomeWideSNP_6_B05_1521508,2,3037755,3042630,3,-1.4006
MICHE_p_TCGAb_428_429_NSP_GenomeWideSNP_6_B05_1521508,2,3043354,34474248,21991,0.0089
MICHE_p_TCGAb_428_429_NSP_GenomeWideSNP_6_B05_1521508,2,34476327,34511990,45,-0.3344
MICHE_p_TCGAb_428_429_NSP_GenomeWideSNP_6_B05_1521508,2,34512096,35750907,877,0.0668
MICHE_p_TCGAb_428_429_NSP_GenomeWideSNP_6_B05_1521508,2,35752724,35762881,7,1.1333
MICHE_p_TCGAb_428_429_NSP_GenomeWideSNP_6_B05_1521508,2,35772407,41010987,3942,0.01
MICHE_p_TCGAb_428_429_NSP_GenomeWideSNP_6_B05_1521508,2,41010999,41395107,308,0.1169
MICHE_p_TCGAb_428_429_NSP_GenomeWideSNP_6_B05_1521508,2,41395506,52510912,7905,0.0119
MICHE_p_TCGAb_428_429_NSP_GenomeWideSNP_6_B05_1521508,2,52511902,52566389,55,0.4158
MICHE_p_TCGAb_428_429_NSP_GenomeWideSNP_6_B05_1521508,2,52567004,79862098,17824,0.0136
MICHE_p_TCGAb_428_429_NSP_GenomeWideSNP_6_B05_1521508,2,79862141,79862693,5,-0.8606
MICHE_p_TCGAb_428_429_NSP_GenomeWideSNP_6_B05_1521508,2,79864348,106258266,11819,0.0069
MICHE_p_TCGAb_428_429_NSP_GenomeWideSNP_6_B05_1521508,2,106263639,106265177,4,-1.0347
MICHE_p_TCGAb_428_429_NSP_GenomeWideSNP_6_B05_1521508,2,106266773,106268901,8,-2.3913
MICHE_p_TCGAb_428_429_NSP_GenomeWideSNP_6_B05_1521508,2,106270799,106594589,132,0.0224
MICHE_p_TCGAb_428_429_NSP_GenomeWideSNP_6_B05_1521508,2,106595225,106597736,2,-1.0802
MICHE_p_TCGAb_428_429_NSP_GenomeWideSNP_6_B05_1521508,2,106597944,115776934,5030,0.0143
MICHE_p_TCGAb_428_429_NSP_GenomeWideSNP_6_B05_1521508,2,115777346,117465774,1012,0.0648
MICHE_p_TCGAb_428_429_NSP_GenomeWideSNP_6_B05_1521508,2,117466188,124646663,4711,0.0079
MICHE_p_TCGAb_428_429_NSP_GenomeWideSNP_6_B05_1521508,2,124649185,125696461,618,0.0738
MICHE_p_TCGAb_428_429_NSP_GenomeWideSNP_6_B05_1521508,2,125697707,146104517,12429,0.0052
MICHE_p_TCGAb_428_429_NSP_GenomeWideSNP_6_B05_1521508,2,146106836,146109366,24,-1.6774
MICHE_p_TCGAb_428_429_NSP_GenomeWideSNP_6_B05_1521508,2,146120238,183220725,22868,0.0022
MICHE_p_TCGAb_428_429_NSP_GenomeWideSNP_6_B05_1521508,2,183221060,183224996,9,-1.0242
MICHE_p_TCGAb_428_429_NSP_GenomeWideSNP_6_B05_1521508,2,183229270,185410900,1363,0.0378
MICHE_p_TCGAb_428_429_NSP_GenomeWideSNP_6_B05_1521508,2,185411117,185990889,276,0.1443
MICHE_p_TCGAb_428_429_NSP_GenomeWideSNP_6_B05_1521508,2,185991354,188130375,1154,0.0309
MICHE_p_TCGAb_428_429_NSP_GenomeWideSNP_6_B05_1521508,2,188130412,188162520,18,0.2898
MICHE_p_TCGAb_428_429_NSP_GenomeWideSNP_6_B05_1521508,2,188167460,188254196,59,0.0128
MICHE_p_TCGAb_428_429_NSP_GenomeWideSNP_6_B05_1521508,2,188255201,188262203,4,-1.8645
MICHE_p_TCGAb_428_429_NSP_GenomeWideSNP_6_B05_1521508,2,188264331,192831145,2695,0.0029
MICHE_p_TCGAb_428_429_NSP_GenomeWideSNP_6_B05_1521508,2,192841594,195341649,1295,0.0615
MICHE_p_TCGAb_428_429_NSP_GenomeWideSNP_6_B05_1521508,2,195345584,221606293,16388,0.0085
MICHE_p_TCGAb_428_429_NSP_GenomeWideSNP_6_B05_1521508,2,221606740,221606796,2,1.5224
MICHE_p_TCGAb_428_429_NSP_GenomeWideSNP_6_B05_1521508,2,221607842,229874960,5484,0.0028
MICHE_p_TCGAb_428_429_NSP_GenomeWideSNP_6_B05_1521508,2,229877604,230031484,62,0.1945
MICHE_p_TCGAb_428_429_NSP_GenomeWideSNP_6_B05_1521508,2,230033262,242147305,7488,0.0038
MICHE_p_TCGAb_428_429_NSP_GenomeWideSNP_6_B05_1521508,3,18667,389680,357,0.0175
MICHE_p_TCGAb_428_429_NSP_GenomeWideSNP_6_B05_1521508,3,389780,2712358,1995,0.0763
MICHE_p_TCGAb_428_429_NSP_GenomeWideSNP_6_B05_1521508,3,2713016,6415603,3339,0.0161
MICHE_p_TCGAb_428_429_NSP_GenomeWideSNP_6_B05_1521508,3,6418362,6618787,187,0.1328
MICHE_p_TCGAb_428_429_NSP_GenomeWideSNP_6_B05_1521508,3,6618957,12641250,4657,-0.0042
MICHE_p_TCGAb_428_429_NSP_GenomeWideSNP_6_B05_1521508,3,12641257,12675088,51,0.23
MICHE_p_TCGAb_428_429_NSP_GenomeWideSNP_6_B05_1521508,3,12678518,20778959,5052,-0.0018
MICHE_p_TCGAb_428_429_NSP_GenomeWideSNP_6_B05_1521508,3,20779037,22906714,1681,0.0433
MICHE_p_TCGAb_428_429_NSP_GenomeWideSNP_6_B05_1521508,3,22907231,23311580,238,-0.0007
MICHE_p_TCGAb_428_429_NSP_GenomeWideSNP_6_B05_1521508,3,23312365,23320237,2,0.8863
MICHE_p_TCGAb_428_429_NSP_GenomeWideSNP_6_B05_1521508,3,23326473,25354586,1528,-0.0048
MICHE_p_TCGAb_428_429_NSP_GenomeWideSNP_6_B05_1521508,3,25355269,25355374,2,-1.2712
MICHE_p_TCGAb_428_429_NSP_GenomeWideSNP_6_B05_1521508,3,25355474,37935926,8596,0.012
MICHE_p_TCGAb_428_429_NSP_GenomeWideSNP_6_B05_1521508,3,37940617,37945437,18,-0.9376
MICHE_p_TCGAb_428_429_NSP_GenomeWideSNP_6_B05_1521508,3,37945615,68697013,20155,0.0043
MICHE_p_TCGAb_428_429_NSP_GenomeWideSNP_6_B05_1521508,3,68697108,68698262,14,-1.4344
MICHE_p_TCGAb_428_429_NSP_GenomeWideSNP_6_B05_1521508,3,68699607,99218940,15952,0.0109
MICHE_p_TCGAb_428_429_NSP_GenomeWideSNP_6_B05_1521508,3,99225614,99230457,35,-0.4629
MICHE_p_TCGAb_428_429_NSP_GenomeWideSNP_6_B05_1521508,3,99230464,130044855,18750,0.0066
MICHE_p_TCGAb_428_429_NSP_GenomeWideSNP_6_B05_1521508,3,130047743,130087393,51,0.5911
MICHE_p_TCGAb_428_429_NSP_GenomeWideSNP_6_B05_1521508,3,130088081,136300257,4038,0.0079
MICHE_p_TCGAb_428_429_NSP_GenomeWideSNP_6_B05_1521508,3,136304109,136306584,2,-2.8938
MICHE_p_TCGAb_428_429_NSP_GenomeWideSNP_6_B05_1521508,3,136319699,142100042,3407,0.0088
MICHE_p_TCGAb_428_429_NSP_GenomeWideSNP_6_B05_1521508,3,142102103,142387917,132,0.1449
MICHE_p_TCGAb_428_429_NSP_GenomeWideSNP_6_B05_1521508,3,142390288,146657279,2820,0.0072
MICHE_p_TCGAb_428_429_NSP_GenomeWideSNP_6_B05_1521508,3,146657797,147706798,561,0.0905
MICHE_p_TCGAb_428_429_NSP_GenomeWideSNP_6_B05_1521508,3,147707271,149245189,961,0.0177
MICHE_p_TCGAb_428_429_NSP_GenomeWideSNP_6_B05_1521508,3,149245608,149250334,25,-0.7452
MICHE_p_TCGAb_428_429_NSP_GenomeWideSNP_6_B05_1521508,3,149253293,162790480,8347,0.0047
MICHE_p_TCGAb_428_429_NSP_GenomeWideSNP_6_B05_1521508,3,162794869,162807070,12,0.7096
MICHE_p_TCGAb_428_429_NSP_GenomeWideSNP_6_B05_1521508,3,162810842,162815162,4,-0.4802
MICHE_p_TCGAb_428_429_NSP_GenomeWideSNP_6_B05_1521508,3,162816942,162822221,4,-0.8328
MICHE_p_TCGAb_428_429_NSP_GenomeWideSNP_6_B05_1521508,3,162822685,162822702,2,-2.4954
MICHE_p_TCGAb_428_429_NSP_GenomeWideSNP_6_B05_1521508,3,162827928,162908207,48,0.6002
MICHE_p_TCGAb_428_429_NSP_GenomeWideSNP_6_B05_1521508,3,162908784,164988854,1159,0.038
MICHE_p_TCGAb_428_429_NSP_GenomeWideSNP_6_B05_1521508,3,164991161,166144704,694,0.0935
MICHE_p_TCGAb_428_429_NSP_GenomeWideSNP_6_B05_1521508,3,166146157,169012392,1593,0.0032
MICHE_p_TCGAb_428_429_NSP_GenomeWideSNP_6_B05_1521508,3,169015614,169020840,2,1.0688
MICHE_p_TCGAb_428_429_NSP_GenomeWideSNP_6_B05_1521508,3,169022039,173400637,2817,0.0105
MICHE_p_TCGAb_428_429_NSP_GenomeWideSNP_6_B05_1521508,3,173401978,173915101,372,0.0901
MICHE_p_TCGAb_428_429_NSP_GenomeWideSNP_6_B05_1521508,3,173919601,175227763,888,0.0031
MICHE_p_TCGAb_428_429_NSP_GenomeWideSNP_6_B05_1521508,3,175227779,175228157,4,0.6995
MICHE_p_TCGAb_428_429_NSP_GenomeWideSNP_6_B05_1521508,3,175228220,175360691,134,-0.004
MICHE_p_TCGAb_428_429_NSP_GenomeWideSNP_6_B05_1521508,3,175360729,176269975,589,0.1038
MICHE_p_TCGAb_428_429_NSP_GenomeWideSNP_6_B05_1521508,3,176270270,189642965,8438,0.0106
MICHE_p_TCGAb_428_429_NSP_GenomeWideSNP_6_B05_1521508,3,189645889,189646849,11,-0.7832
MICHE_p_TCGAb_428_429_NSP_GenomeWideSNP_6_B05_1521508,3,189653199,193156958,2495,0.0178
MICHE_p_TCGAb_428_429_NSP_GenomeWideSNP_6_B05_1521508,3,193160113,193165114,20,-0.5629
MICHE_p_TCGAb_428_429_NSP_GenomeWideSNP_6_B05_1521508,3,193168646,194920587,1162,0.0066
MICHE_p_TCGAb_428_429_NSP_GenomeWideSNP_6_B05_1521508,3,194920617,194921116,4,-0.8481
MICHE_p_TCGAb_428_429_NSP_GenomeWideSNP_6_B05_1521508,3,194921751,195559056,319,0.02
MICHE_p_TCGAb_428_429_NSP_GenomeWideSNP_6_B05_1521508,3,195656271,195751990,48,-0.3423
MICHE_p_TCGAb_428_429_NSP_GenomeWideSNP_6_B05_1521508,3,195752877,195934679,78,0.0431
MICHE_p_TCGAb_428_429_NSP_GenomeWideSNP_6_B05_1521508,3,195963975,195991894,7,-1.0681
MICHE_p_TCGAb_428_429_NSP_GenomeWideSNP_6_B05_1521508,3,195998433,197354814,685,0.0523
MICHE_p_TCGAb_428_429_NSP_GenomeWideSNP_6_B05_1521508,3,197354925,197676287,158,-0.0852
MICHE_p_TCGAb_428_429_NSP_GenomeWideSNP_6_B05_1521508,3,197677495,198111566,222,0.0979
MICHE_p_TCGAb_428_429_NSP_GenomeWideSNP_6_B05_1521508,3,198111707,198169247,21,-0.4138
MICHE_p_TCGAb_428_429_NSP_GenomeWideSNP_6_B05_1521508,4,12281,788513,328,0.1096
MICHE_p_TCGAb_428_429_NSP_GenomeWideSNP_6_B05_1521508,4,800143,9450197,4921,-0.0062
MICHE_p_TCGAb_428_429_NSP_GenomeWideSNP_6_B05_1521508,4,9455251,9477699,9,-0.5509
MICHE_p_TCGAb_428_429_NSP_GenomeWideSNP_6_B05_1521508,4,9484440,10212536,545,0.0094
MICHE_p_TCGAb_428_429_NSP_GenomeWideSNP_6_B05_1521508,4,10221792,10232642,30,0.6811
MICHE_p_TCGAb_428_429_NSP_GenomeWideSNP_6_B05_1521508,4,10232984,10388498,175,-0.0075
MICHE_p_TCGAb_428_429_NSP_GenomeWideSNP_6_B05_1521508,4,10389091,10401140,20,-0.6002
MICHE_p_TCGAb_428_429_NSP_GenomeWideSNP_6_B05_1521508,4,10401374,34777353,16802,0.006
MICHE_p_TCGAb_428_429_NSP_GenomeWideSNP_6_B05_1521508,4,34777382,34823103,42,0.785
MICHE_p_TCGAb_428_429_NSP_GenomeWideSNP_6_B05_1521508,4,34828250,48065940,8317,0.0084
MICHE_p_TCGAb_428_429_NSP_GenomeWideSNP_6_B05_1521508,4,48066766,48916228,576,0.1066
MICHE_p_TCGAb_428_429_NSP_GenomeWideSNP_6_B05_1521508,4,48918142,59193655,5015,0.0053
MICHE_p_TCGAb_428_429_NSP_GenomeWideSNP_6_B05_1521508,4,59194430,59195012,4,-1.2744
MICHE_p_TCGAb_428_429_NSP_GenomeWideSNP_6_B05_1521508,4,59195043,63093084,2273,0.0083
MICHE_p_TCGAb_428_429_NSP_GenomeWideSNP_6_B05_1521508,4,63093342,63256496,79,0.2075
MICHE_p_TCGAb_428_429_NSP_GenomeWideSNP_6_B05_1521508,4,63256631,64958440,1021,0.0241
MICHE_p_TCGAb_428_429_NSP_GenomeWideSNP_6_B05_1521508,4,64958534,64958552,2,-2.1548
MICHE_p_TCGAb_428_429_NSP_GenomeWideSNP_6_B05_1521508,4,64958595,68957060,2431,0.0203
MICHE_p_TCGAb_428_429_NSP_GenomeWideSNP_6_B05_1521508,4,68963220,69257792,172,0.1052
MICHE_p_TCGAb_428_429_NSP_GenomeWideSNP_6_B05_1521508,4,69261926,69412731,77,0.2403
MICHE_p_TCGAb_428_429_NSP_GenomeWideSNP_6_B05_1521508,4,69414814,103823578,21026,0.007
MICHE_p_TCGAb_428_429_NSP_GenomeWideSNP_6_B05_1521508,4,103823914,103830480,8,0.6381
MICHE_p_TCGAb_428_429_NSP_GenomeWideSNP_6_B05_1521508,4,103830487,114252544,6315,0.0094
MICHE_p_TCGAb_428_429_NSP_GenomeWideSNP_6_B05_1521508,4,114254167,114261019,23,-1.524
MICHE_p_TCGAb_428_429_NSP_GenomeWideSNP_6_B05_1521508,4,114263073,114267651,12,0.3917
MICHE_p_TCGAb_428_429_NSP_GenomeWideSNP_6_B05_1521508,4,114268665,115243289,594,0.0162
MICHE_p_TCGAb_428_429_NSP_GenomeWideSNP_6_B05_1521508,4,115243304,115261448,35,0.2576
MICHE_p_TCGAb_428_429_NSP_GenomeWideSNP_6_B05_1521508,4,115261544,126781344,6907,0.0066
MICHE_p_TCGAb_428_429_NSP_GenomeWideSNP_6_B05_1521508,4,126784898,126891044,71,0.2027
MICHE_p_TCGAb_428_429_NSP_GenomeWideSNP_6_B05_1521508,4,126892549,130991236,2323,0.0083
MICHE_p_TCGAb_428_429_NSP_GenomeWideSNP_6_B05_1521508,4,130992765,131461308,234,0.123
MICHE_p_TCGAb_428_429_NSP_GenomeWideSNP_6_B05_1521508,4,131463948,133948569,1311,0.017
MICHE_p_TCGAb_428_429_NSP_GenomeWideSNP_6_B05_1521508,4,133950147,134256779,141,0.1491
MICHE_p_TCGAb_428_429_NSP_GenomeWideSNP_6_B05_1521508,4,134256793,137158876,1623,0.0109
MICHE_p_TCGAb_428_429_NSP_GenomeWideSNP_6_B05_1521508,4,137159607,137173818,25,0.2774
MICHE_p_TCGAb_428_429_NSP_GenomeWideSNP_6_B05_1521508,4,137173967,137261279,82,0.0527
MICHE_p_TCGAb_428_429_NSP_GenomeWideSNP_6_B05_1521508,4,137261327,137269668,48,0.2282
MICHE_p_TCGAb_428_429_NSP_GenomeWideSNP_6_B05_1521508,4,137269730,138353048,706,-0.0032
MICHE_p_TCGAb_428_429_NSP_GenomeWideSNP_6_B05_1521508,4,138354902,138356106,2,1.0802
MICHE_p_TCGAb_428_429_NSP_GenomeWideSNP_6_B05_1521508,4,138360558,148177785,6027,0.0015
MICHE_p_TCGAb_428_429_NSP_GenomeWideSNP_6_B05_1521508,4,148179019,148179782,3,-1.2242
MICHE_p_TCGAb_428_429_NSP_GenomeWideSNP_6_B05_1521508,4,148181782,151868241,2011,0.0066
MICHE_p_TCGAb_428_429_NSP_GenomeWideSNP_6_B05_1521508,4,151868634,151871415,13,-1.3062
MICHE_p_TCGAb_428_429_NSP_GenomeWideSNP_6_B05_1521508,4,151871739,156380587,3031,0.0053
MICHE_p_TCGAb_428_429_NSP_GenomeWideSNP_6_B05_1521508,4,156384225,156384526,8,-0.5342
MICHE_p_TCGAb_428_429_NSP_GenomeWideSNP_6_B05_1521508,4,156384541,160132765,2213,0.0035
MICHE_p_TCGAb_428_429_NSP_GenomeWideSNP_6_B05_1521508,4,160132776,160162917,36,0.232
MICHE_p_TCGAb_428_429_NSP_GenomeWideSNP_6_B05_1521508,4,160163410,160952848,591,0.0228
MICHE_p_TCGAb_428_429_NSP_GenomeWideSNP_6_B05_1521508,4,160958866,160963825,25,-0.3782
MICHE_p_TCGAb_428_429_NSP_GenomeWideSNP_6_B05_1521508,4,160963857,161272812,223,0.0619
MICHE_p_TCGAb_428_429_NSP_GenomeWideSNP_6_B05_1521508,4,161272827,161283959,16,-0.7543
MICHE_p_TCGAb_428_429_NSP_GenomeWideSNP_6_B05_1521508,4,161284500,189864410,18928,0.0157
MICHE_p_TCGAb_428_429_NSP_GenomeWideSNP_6_B05_1521508,4,189870388,189871792,2,-1.557
MICHE_p_TCGAb_428_429_NSP_GenomeWideSNP_6_B05_1521508,4,189872905,190106768,60,-0.0101
MICHE_p_TCGAb_428_429_NSP_GenomeWideSNP_6_B05_1521508,5,15532,676771,303,0.0095
MICHE_p_TCGAb_428_429_NSP_GenomeWideSNP_6_B05_1521508,5,681187,779745,33,-0.3125
MICHE_p_TCGAb_428_429_NSP_GenomeWideSNP_6_B05_1521508,5,779766,12791608,9886,-0.0002
MICHE_p_TCGAb_428_429_NSP_GenomeWideSNP_6_B05_1521508,5,12800777,12838421,15,0.6326
MICHE_p_TCGAb_428_429_NSP_GenomeWideSNP_6_B05_1521508,5,12849089,20455190,4966,0.0164
MICHE_p_TCGAb_428_429_NSP_GenomeWideSNP_6_B05_1521508,5,20455487,20458495,8,0.6676
MICHE_p_TCGAb_428_429_NSP_GenomeWideSNP_6_B05_1521508,5,20458544,21376735,520,0.0116
MICHE_p_TCGAb_428_429_NSP_GenomeWideSNP_6_B05_1521508,5,21377730,21377744,2,-1.4352
MICHE_p_TCGAb_428_429_NSP_GenomeWideSNP_6_B05_1521508,5,21385957,21449167,45,0.0882
MICHE_p_TCGAb_428_429_NSP_GenomeWideSNP_6_B05_1521508,5,21451091,21452329,5,-2.277
MICHE_p_TCGAb_428_429_NSP_GenomeWideSNP_6_B05_1521508,5,21452387,25121989,2138,0.0101
MICHE_p_TCGAb_428_429_NSP_GenomeWideSNP_6_B05_1521508,5,25122653,25402716,140,0.1249
MICHE_p_TCGAb_428_429_NSP_GenomeWideSNP_6_B05_1521508,5,25403625,25824799,273,0.0206
MICHE_p_TCGAb_428_429_NSP_GenomeWideSNP_6_B05_1521508,5,25829446,25838958,2,-0.9172
MICHE_p_TCGAb_428_429_NSP_GenomeWideSNP_6_B05_1521508,5,25839671,27524345,999,-0.0082
MICHE_p_TCGAb_428_429_NSP_GenomeWideSNP_6_B05_1521508,5,27525283,29962395,1467,0.0469
MICHE_p_TCGAb_428_429_NSP_GenomeWideSNP_6_B05_1521508,5,29966866,42024090,8126,0.0031
MICHE_p_TCGAb_428_429_NSP_GenomeWideSNP_6_B05_1521508,5,42027782,42028628,2,-1.2046
MICHE_p_TCGAb_428_429_NSP_GenomeWideSNP_6_B05_1521508,5,42030862,45520744,1641,0.0143
MICHE_p_TCGAb_428_429_NSP_GenomeWideSNP_6_B05_1521508,5,45521102,46209780,221,0.121
MICHE_p_TCGAb_428_429_NSP_GenomeWideSNP_6_B05_1521508,5,46209816,46271828,14,-0.1763
MICHE_p_TCGAb_428_429_NSP_GenomeWideSNP_6_B05_1521508,5,46272419,46273400,5,-2.2517
MICHE_p_TCGAb_428_429_NSP_GenomeWideSNP_6_B05_1521508,5,46278110,50820624,287,0.094
MICHE_p_TCGAb_428_429_NSP_GenomeWideSNP_6_B05_1521508,5,50820898,59008327,5571,-0.004
MICHE_p_TCGAb_428_429_NSP_GenomeWideSNP_6_B05_1521508,5,59008560,59008743,2,-1.1152
MICHE_p_TCGAb_428_429_NSP_GenomeWideSNP_6_B05_1521508,5,59008878,62277545,2092,-0.0007
MICHE_p_TCGAb_428_429_NSP_GenomeWideSNP_6_B05_1521508,5,62279164,62280446,3,-0.8185
MICHE_p_TCGAb_428_429_NSP_GenomeWideSNP_6_B05_1521508,5,62286365,63328004,631,0.0163
MICHE_p_TCGAb_428_429_NSP_GenomeWideSNP_6_B05_1521508,5,63333130,63885700,327,0.1061
MICHE_p_TCGAb_428_429_NSP_GenomeWideSNP_6_B05_1521508,5,63886716,69571467,3506,-0.0018
MICHE_p_TCGAb_428_429_NSP_GenomeWideSNP_6_B05_1521508,5,69779150,69822308,4,-0.9872
MICHE_p_TCGAb_428_429_NSP_GenomeWideSNP_6_B05_1521508,5,69937600,99187675,16482,0.005
MICHE_p_TCGAb_428_429_NSP_GenomeWideSNP_6_B05_1521508,5,99188542,100220180,604,0.1186
MICHE_p_TCGAb_428_429_NSP_GenomeWideSNP_6_B05_1521508,5,100223876,101818905,926,0.0338
MICHE_p_TCGAb_428_429_NSP_GenomeWideSNP_6_B05_1521508,5,101819871,101970916,129,0.1785
MICHE_p_TCGAb_428_429_NSP_GenomeWideSNP_6_B05_1521508,5,101971102,104985331,1790,0.0034
MICHE_p_TCGAb_428_429_NSP_GenomeWideSNP_6_B05_1521508,5,104988035,105353394,253,0.1035
MICHE_p_TCGAb_428_429_NSP_GenomeWideSNP_6_B05_1521508,5,105353986,106768764,709,0.0179
MICHE_p_TCGAb_428_429_NSP_GenomeWideSNP_6_B05_1521508,5,106768824,106920438,108,0.1565
MICHE_p_TCGAb_428_429_NSP_GenomeWideSNP_6_B05_1521508,5,106920707,120980331,9865,0.0118
MICHE_p_TCGAb_428_429_NSP_GenomeWideSNP_6_B05_1521508,5,120982652,121110342,89,0.1628
MICHE_p_TCGAb_428_429_NSP_GenomeWideSNP_6_B05_1521508,5,121111447,152135825,19422,0.005
MICHE_p_TCGAb_428_429_NSP_GenomeWideSNP_6_B05_1521508,5,152135909,152138739,12,-0.6695
MICHE_p_TCGAb_428_429_NSP_GenomeWideSNP_6_B05_1521508,5,152138790,159429630,4995,0.0092
MICHE_p_TCGAb_428_429_NSP_GenomeWideSNP_6_B05_1521508,5,159430353,159431439,3,-0.9803
MICHE_p_TCGAb_428_429_NSP_GenomeWideSNP_6_B05_1521508,5,159433628,177770954,12508,0.0028
MICHE_p_TCGAb_428_429_NSP_GenomeWideSNP_6_B05_1521508,5,177771448,177805604,4,2.0351
MICHE_p_TCGAb_428_429_NSP_GenomeWideSNP_6_B05_1521508,5,177827964,177879634,7,-0.197
MICHE_p_TCGAb_428_429_NSP_GenomeWideSNP_6_B05_1521508,5,177883336,180947523,1806,0.0124
MICHE_p_TCGAb_428_429_NSP_GenomeWideSNP_6_B05_1521508,5,180951710,180991103,19,0.6427
MICHE_p_TCGAb_428_429_NSP_GenomeWideSNP_6_B05_1521508,5,181006225,181363319,170,0.0328
MICHE_p_TCGAb_428_429_NSP_GenomeWideSNP_6_B05_1521508,6,149661,29869411,21749,-0.0024
MICHE_p_TCGAb_428_429_NSP_GenomeWideSNP_6_B05_1521508,6,29869537,29869681,2,-1.5909
MICHE_p_TCGAb_428_429_NSP_GenomeWideSNP_6_B05_1521508,6,29869700,32533522,1220,-0.009
MICHE_p_TCGAb_428_429_NSP_GenomeWideSNP_6_B05_1521508,6,32540699,32541506,2,-1.8186
MICHE_p_TCGAb_428_429_NSP_GenomeWideSNP_6_B05_1521508,6,32541699,32572834,10,-0.4657
MICHE_p_TCGAb_428_429_NSP_GenomeWideSNP_6_B05_1521508,6,32576532,32722250,82,0.112
MICHE_p_TCGAb_428_429_NSP_GenomeWideSNP_6_B05_1521508,6,32723020,32724450,4,-0.7979
MICHE_p_TCGAb_428_429_NSP_GenomeWideSNP_6_B05_1521508,6,32732907,33970222,759,0.0029
MICHE_p_TCGAb_428_429_NSP_GenomeWideSNP_6_B05_1521508,6,33970966,33974928,7,-0.8686
MICHE_p_TCGAb_428_429_NSP_GenomeWideSNP_6_B05_1521508,6,33976809,48633296,9400,-0.0013
MICHE_p_TCGAb_428_429_NSP_GenomeWideSNP_6_B05_1521508,6,48633521,48672200,33,0.2535
MICHE_p_TCGAb_428_429_NSP_GenomeWideSNP_6_B05_1521508,6,48672743,54066477,3488,-0.0013
MICHE_p_TCGAb_428_429_NSP_GenomeWideSNP_6_B05_1521508,6,54066582,54067057,4,1.351
MICHE_p_TCGAb_428_429_NSP_GenomeWideSNP_6_B05_1521508,6,54070550,57287480,1945,0.0089
MICHE_p_TCGAb_428_429_NSP_GenomeWideSNP_6_B05_1521508,6,57290018,61804830,930,0.0775
MICHE_p_TCGAb_428_429_NSP_GenomeWideSNP_6_B05_1521508,6,61805656,64627049,1480,0.0081
MICHE_p_TCGAb_428_429_NSP_GenomeWideSNP_6_B05_1521508,6,64637651,64639099,2,-2.3237
MICHE_p_TCGAb_428_429_NSP_GenomeWideSNP_6_B05_1521508,6,64640883,76719978,7935,0.016
MICHE_p_TCGAb_428_429_NSP_GenomeWideSNP_6_B05_1521508,6,76720013,76743040,24,0.5001
MICHE_p_TCGAb_428_429_NSP_GenomeWideSNP_6_B05_1521508,6,76751356,78253172,979,0.0304
MICHE_p_TCGAb_428_429_NSP_GenomeWideSNP_6_B05_1521508,6,78259348,78325468,112,0.5246
MICHE_p_TCGAb_428_429_NSP_GenomeWideSNP_6_B05_1521508,6,78329517,93765426,9914,0.0099
MICHE_p_TCGAb_428_429_NSP_GenomeWideSNP_6_B05_1521508,6,93768888,95389491,791,0.1201
MICHE_p_TCGAb_428_429_NSP_GenomeWideSNP_6_B05_1521508,6,95390273,103280350,4780,0.0117
MICHE_p_TCGAb_428_429_NSP_GenomeWideSNP_6_B05_1521508,6,103282618,103312129,50,0.3514
MICHE_p_TCGAb_428_429_NSP_GenomeWideSNP_6_B05_1521508,6,103312172,115047731,7328,-0.0011
MICHE_p_TCGAb_428_429_NSP_GenomeWideSNP_6_B05_1521508,6,115057911,115057996,2,1.2096
MICHE_p_TCGAb_428_429_NSP_GenomeWideSNP_6_B05_1521508,6,115078827,128107408,7780,0.0041
MICHE_p_TCGAb_428_429_NSP_GenomeWideSNP_6_B05_1521508,6,128111285,128115270,7,-0.7438
MICHE_p_TCGAb_428_429_NSP_GenomeWideSNP_6_B05_1521508,6,128118669,160611533,21879,-0.0005
MICHE_p_TCGAb_428_429_NSP_GenomeWideSNP_6_B05_1521508,6,160611687,160612251,5,0.9509
MICHE_p_TCGAb_428_429_NSP_GenomeWideSNP_6_B05_1521508,6,160647010,162269853,1338,0.0017
MICHE_p_TCGAb_428_429_NSP_GenomeWideSNP_6_B05_1521508,6,162272528,162684686,328,0.0924
MICHE_p_TCGAb_428_429_NSP_GenomeWideSNP_6_B05_1521508,6,162685858,164100621,1116,-0.0084
MICHE_p_TCGAb_428_429_NSP_GenomeWideSNP_6_B05_1521508,6,164101004,164106793,4,-0.8342
MICHE_p_TCGAb_428_429_NSP_GenomeWideSNP_6_B05_1521508,6,164107063,165310563,855,0.0096
MICHE_p_TCGAb_428_429_NSP_GenomeWideSNP_6_B05_1521508,6,165318037,165318439,2,1.3108
MICHE_p_TCGAb_428_429_NSP_GenomeWideSNP_6_B05_1521508,6,165321163,170741917,3616,-0.0124
MICHE_p_TCGAb_428_429_NSP_GenomeWideSNP_6_B05_1521508,7,43355,8760818,5065,0.0081
MICHE_p_TCGAb_428_429_NSP_GenomeWideSNP_6_B05_1521508,7,8761082,10768394,1564,0.0556
MICHE_p_TCGAb_428_429_NSP_GenomeWideSNP_6_B05_1521508,7,10776367,18860998,6537,0.0103
MICHE_p_TCGAb_428_429_NSP_GenomeWideSNP_6_B05_1521508,7,18866243,19751548,922,0.1085
MICHE_p_TCGAb_428_429_NSP_GenomeWideSNP_6_B05_1521508,7,19751853,38254500,13347,-0.0025
MICHE_p_TCGAb_428_429_NSP_GenomeWideSNP_6_B05_1521508,7,38255395,38319355,105,0.1663
MICHE_p_TCGAb_428_429_NSP_GenomeWideSNP_6_B05_1521508,7,38322471,54312680,11033,0.0059
MICHE_p_TCGAb_428_429_NSP_GenomeWideSNP_6_B05_1521508,7,54318812,54318821,5,-0.7426
MICHE_p_TCGAb_428_429_NSP_GenomeWideSNP_6_B05_1521508,7,54318824,56558746,1481,0.0094
MICHE_p_TCGAb_428_429_NSP_GenomeWideSNP_6_B05_1521508,7,56559307,66276638,2093,0.0608
MICHE_p_TCGAb_428_429_NSP_GenomeWideSNP_6_B05_1521508,7,66277160,70955452,2712,-0.0064
MICHE_p_TCGAb_428_429_NSP_GenomeWideSNP_6_B05_1521508,7,70958264,70961155,2,-2.4988
MICHE_p_TCGAb_428_429_NSP_GenomeWideSNP_6_B05_1521508,7,70963257,88823888,10114,0.0046
MICHE_p_TCGAb_428_429_NSP_GenomeWideSNP_6_B05_1521508,7,88824087,89801413,627,0.1265
MICHE_p_TCGAb_428_429_NSP_GenomeWideSNP_6_B05_1521508,7,89807815,97756658,5107,0.0083
MICHE_p_TCGAb_428_429_NSP_GenomeWideSNP_6_B05_1521508,7,97766148,97766159,6,0.6383
MICHE_p_TCGAb_428_429_NSP_GenomeWideSNP_6_B05_1521508,7,97766194,102460859,2060,0.0123
MICHE_p_TCGAb_428_429_NSP_GenomeWideSNP_6_B05_1521508,7,102461717,102676643,8,0.5369
MICHE_p_TCGAb_428_429_NSP_GenomeWideSNP_6_B05_1521508,7,102676662,109793728,4573,0.0075
MICHE_p_TCGAb_428_429_NSP_GenomeWideSNP_6_B05_1521508,7,109793741,109813925,37,0.3986
MICHE_p_TCGAb_428_429_NSP_GenomeWideSNP_6_B05_1521508,7,109814172,110013161,134,0.0596
MICHE_p_TCGAb_428_429_NSP_GenomeWideSNP_6_B05_1521508,7,110014156,110051141,9,0.4591
MICHE_p_TCGAb_428_429_NSP_GenomeWideSNP_6_B05_1521508,7,110056346,111198606,779,0.0184
MICHE_p_TCGAb_428_429_NSP_GenomeWideSNP_6_B05_1521508,7,111198749,111569048,244,0.1119
MICHE_p_TCGAb_428_429_NSP_GenomeWideSNP_6_B05_1521508,7,111572499,126405502,8868,0.0073
MICHE_p_TCGAb_428_429_NSP_GenomeWideSNP_6_B05_1521508,7,126405597,126406561,10,-0.6309
MICHE_p_TCGAb_428_429_NSP_GenomeWideSNP_6_B05_1521508,7,126406822,130817371,2454,0.0193
MICHE_p_TCGAb_428_429_NSP_GenomeWideSNP_6_B05_1521508,7,130834319,130838077,4,-0.7196
MICHE_p_TCGAb_428_429_NSP_GenomeWideSNP_6_B05_1521508,7,130838709,131750610,622,0.0151
MICHE_p_TCGAb_428_429_NSP_GenomeWideSNP_6_B05_1521508,7,131751282,136373284,3287,-0.0156
MICHE_p_TCGAb_428_429_NSP_GenomeWideSNP_6_B05_1521508,7,136377039,142061030,3569,0.0141
MICHE_p_TCGAb_428_429_NSP_GenomeWideSNP_6_B05_1521508,7,142062074,142084384,23,0.3353
MICHE_p_TCGAb_428_429_NSP_GenomeWideSNP_6_B05_1521508,7,142084576,144212352,1139,0.04
MICHE_p_TCGAb_428_429_NSP_GenomeWideSNP_6_B05_1521508,7,144214531,144306574,23,-0.4298
MICHE_p_TCGAb_428_429_NSP_GenomeWideSNP_6_B05_1521508,7,144306653,148016901,2425,0.0178
MICHE_p_TCGAb_428_429_NSP_GenomeWideSNP_6_B05_1521508,7,148017689,148020170,6,-0.9048
MICHE_p_TCGAb_428_429_NSP_GenomeWideSNP_6_B05_1521508,7,148024499,150588016,1438,-0.0014
MICHE_p_TCGAb_428_429_NSP_GenomeWideSNP_6_B05_1521508,7,150588713,150604481,8,-1.1513
MICHE_p_TCGAb_428_429_NSP_GenomeWideSNP_6_B05_1521508,7,150610834,154598185,2581,0.0094
MICHE_p_TCGAb_428_429_NSP_GenomeWideSNP_6_B05_1521508,7,154601461,154607903,4,-2.2059
MICHE_p_TCGAb_428_429_NSP_GenomeWideSNP_6_B05_1521508,7,154609120,155671335,918,-0.0029
MICHE_p_TCGAb_428_429_NSP_GenomeWideSNP_6_B05_1521508,7,155673169,155674244,2,1.2148
MICHE_p_TCGAb_428_429_NSP_GenomeWideSNP_6_B05_1521508,7,155676942,156592980,691,-0.0104
MICHE_p_TCGAb_428_429_NSP_GenomeWideSNP_6_B05_1521508,7,156599096,156601485,4,-0.9302
MICHE_p_TCGAb_428_429_NSP_GenomeWideSNP_6_B05_1521508,7,156602214,159334314,1630,0.0118
MICHE_p_TCGAb_428_429_NSP_GenomeWideSNP_6_B05_1521508,8,81254,643041,327,-0.0442
MICHE_p_TCGAb_428_429_NSP_GenomeWideSNP_6_B05_1521508,8,644944,645908,10,1.3118
MICHE_p_TCGAb_428_429_NSP_GenomeWideSNP_6_B05_1521508,8,651043,7380497,7416,0.0111
MICHE_p_TCGAb_428_429_NSP_GenomeWideSNP_6_B05_1521508,8,7392858,7440110,22,0.6371
MICHE_p_TCGAb_428_429_NSP_GenomeWideSNP_6_B05_1521508,8,7440674,7918616,102,0.2334
MICHE_p_TCGAb_428_429_NSP_GenomeWideSNP_6_B05_1521508,8,7918631,7969400,28,0.6638
MICHE_p_TCGAb_428_429_NSP_GenomeWideSNP_6_B05_1521508,8,7969845,8078333,24,-0.0206
MICHE_p_TCGAb_428_429_NSP_GenomeWideSNP_6_B05_1521508,8,8085660,8214781,41,0.2453
MICHE_p_TCGAb_428_429_NSP_GenomeWideSNP_6_B05_1521508,8,8229622,8245003,5,-0.5761
MICHE_p_TCGAb_428_429_NSP_GenomeWideSNP_6_B05_1521508,8,8245309,9196404,882,-0.007
MICHE_p_TCGAb_428_429_NSP_GenomeWideSNP_6_B05_1521508,8,9198857,9204980,27,-0.8343
MICHE_p_TCGAb_428_429_NSP_GenomeWideSNP_6_B05_1521508,8,9205016,12376708,2333,-0.0163
MICHE_p_TCGAb_428_429_NSP_GenomeWideSNP_6_B05_1521508,8,12376742,12407104,38,0.5036
MICHE_p_TCGAb_428_429_NSP_GenomeWideSNP_6_B05_1521508,8,12408574,12788880,157,0.0782
MICHE_p_TCGAb_428_429_NSP_GenomeWideSNP_6_B05_1521508,8,12791219,12791669,2,-1.5554
MICHE_p_TCGAb_428_429_NSP_GenomeWideSNP_6_B05_1521508,8,12794596,13708153,898,-0.0219
MICHE_p_TCGAb_428_429_NSP_GenomeWideSNP_6_B05_1521508,8,13708547,13801442,135,0.1751
MICHE_p_TCGAb_428_429_NSP_GenomeWideSNP_6_B05_1521508,8,13801993,15435453,1522,0.0057
MICHE_p_TCGAb_428_429_NSP_GenomeWideSNP_6_B05_1521508,8,15436422,15437936,2,-1.1328
MICHE_p_TCGAb_428_429_NSP_GenomeWideSNP_6_B05_1521508,8,15439194,25116928,7772,0.0044
MICHE_p_TCGAb_428_429_NSP_GenomeWideSNP_6_B05_1521508,8,25116961,25126818,26,0.6245
MICHE_p_TCGAb_428_429_NSP_GenomeWideSNP_6_B05_1521508,8,25133589,27956966,2207,0.0056
MICHE_p_TCGAb_428_429_NSP_GenomeWideSNP_6_B05_1521508,8,27959633,27959967,2,-1.0322
MICHE_p_TCGAb_428_429_NSP_GenomeWideSNP_6_B05_1521508,8,27964180,36371625,5224,0.0002
MICHE_p_TCGAb_428_429_NSP_GenomeWideSNP_6_B05_1521508,8,36374026,36566146,89,0.1635
MICHE_p_TCGAb_428_429_NSP_GenomeWideSNP_6_B05_1521508,8,36566189,39373140,1518,0.0134
MICHE_p_TCGAb_428_429_NSP_GenomeWideSNP_6_B05_1521508,8,39378084,39526605,55,0.8464
MICHE_p_TCGAb_428_429_NSP_GenomeWideSNP_6_B05_1521508,8,39527181,39531605,9,0.3397
MICHE_p_TCGAb_428_429_NSP_GenomeWideSNP_6_B05_1521508,8,39537590,43202663,2382,0.0089
MICHE_p_TCGAb_428_429_NSP_GenomeWideSNP_6_B05_1521508,8,43203158,43430084,92,0.1658
MICHE_p_TCGAb_428_429_NSP_GenomeWideSNP_6_B05_1521508,8,43437577,46105170,151,0.0219
MICHE_p_TCGAb_428_429_NSP_GenomeWideSNP_6_B05_1521508,8,46112531,46501937,86,-0.1508
MICHE_p_TCGAb_428_429_NSP_GenomeWideSNP_6_B05_1521508,8,46503462,50118186,1874,0.0269
MICHE_p_TCGAb_428_429_NSP_GenomeWideSNP_6_B05_1521508,8,50118212,50120863,10,0.615
MICHE_p_TCGAb_428_429_NSP_GenomeWideSNP_6_B05_1521508,8,50126018,114255240,39077,0.0033
MICHE_p_TCGAb_428_429_NSP_GenomeWideSNP_6_B05_1521508,8,114256070,114619814,204,0.0812
MICHE_p_TCGAb_428_429_NSP_GenomeWideSNP_6_B05_1521508,8,114622258,114623472,13,0.5044
MICHE_p_TCGAb_428_429_NSP_GenomeWideSNP_6_B05_1521508,8,114626121,114874204,178,0.0998
MICHE_p_TCGAb_428_429_NSP_GenomeWideSNP_6_B05_1521508,8,114879397,136685217,15755,-0.0039
MICHE_p_TCGAb_428_429_NSP_GenomeWideSNP_6_B05_1521508,8,136687594,136881227,183,0.1294
MICHE_p_TCGAb_428_429_NSP_GenomeWideSNP_6_B05_1521508,8,136882257,137811491,733,-0.0019
MICHE_p_TCGAb_428_429_NSP_GenomeWideSNP_6_B05_1521508,8,137812394,137812781,3,-1.0304
MICHE_p_TCGAb_428_429_NSP_GenomeWideSNP_6_B05_1521508,8,137813527,141345643,2668,0.0064
MICHE_p_TCGAb_428_429_NSP_GenomeWideSNP_6_B05_1521508,8,141348766,142309199,565,-0.0853
MICHE_p_TCGAb_428_429_NSP_GenomeWideSNP_6_B05_1521508,8,142309254,145072769,1002,0.0056
MICHE_p_TCGAb_428_429_NSP_GenomeWideSNP_6_B05_1521508,9,46587,672895,656,0.0531
MICHE_p_TCGAb_428_429_NSP_GenomeWideSNP_6_B05_1521508,9,673018,673512,4,-0.8457
MICHE_p_TCGAb_428_429_NSP_GenomeWideSNP_6_B05_1521508,9,676055,11103934,9941,0.0182
MICHE_p_TCGAb_428_429_NSP_GenomeWideSNP_6_B05_1521508,9,11104151,12521826,1089,0.1158
MICHE_p_TCGAb_428_429_NSP_GenomeWideSNP_6_B05_1521508,9,12522037,42501789,19764,0.0149
MICHE_p_TCGAb_428_429_NSP_GenomeWideSNP_6_B05_1521508,9,42524981,42727683,17,-0.4898
MICHE_p_TCGAb_428_429_NSP_GenomeWideSNP_6_B05_1521508,9,42736666,60889708,29,-0.0664
MICHE_p_TCGAb_428_429_NSP_GenomeWideSNP_6_B05_1521508,9,60893611,61647899,43,0.4214
MICHE_p_TCGAb_428_429_NSP_GenomeWideSNP_6_B05_1521508,9,61658190,102003793,23857,-0.0003
MICHE_p_TCGAb_428_429_NSP_GenomeWideSNP_6_B05_1521508,9,102004102,104289546,1667,0.0566
MICHE_p_TCGAb_428_429_NSP_GenomeWideSNP_6_B05_1521508,9,104289565,133907134,20831,-0.0017
MICHE_p_TCGAb_428_429_NSP_GenomeWideSNP_6_B05_1521508,9,133909095,133914031,3,-1.0717
MICHE_p_TCGAb_428_429_NSP_GenomeWideSNP_6_B05_1521508,9,133914054,138200944,1935,-0.0081
MICHE_p_TCGAb_428_429_NSP_GenomeWideSNP_6_B05_1521508,10,26873,751569,419,-0.0039
MICHE_p_TCGAb_428_429_NSP_GenomeWideSNP_6_B05_1521508,10,752021,754237,3,-2.4226
MICHE_p_TCGAb_428_429_NSP_GenomeWideSNP_6_B05_1521508,10,754273,24086334,18815,0.0036
MICHE_p_TCGAb_428_429_NSP_GenomeWideSNP_6_B05_1521508,10,24088745,24088753,7,-1.7557
MICHE_p_TCGAb_428_429_NSP_GenomeWideSNP_6_B05_1521508,10,24088989,30957581,5049,-0.0039
MICHE_p_TCGAb_428_429_NSP_GenomeWideSNP_6_B05_1521508,10,30962405,30962797,9,-0.5376
MICHE_p_TCGAb_428_429_NSP_GenomeWideSNP_6_B05_1521508,10,30962809,42264605,4919,0.0056
MICHE_p_TCGAb_428_429_NSP_GenomeWideSNP_6_B05_1521508,10,42267782,42291525,5,0.7353
MICHE_p_TCGAb_428_429_NSP_GenomeWideSNP_6_B05_1521508,10,42292394,43093583,483,0.0151
MICHE_p_TCGAb_428_429_NSP_GenomeWideSNP_6_B05_1521508,10,43093826,43094536,7,-0.566
MICHE_p_TCGAb_428_429_NSP_GenomeWideSNP_6_B05_1521508,10,43094704,45798061,1850,0.014
MICHE_p_TCGAb_428_429_NSP_GenomeWideSNP_6_B05_1521508,10,45798171,45817039,2,-1.2783
MICHE_p_TCGAb_428_429_NSP_GenomeWideSNP_6_B05_1521508,10,45936113,46399292,259,-0.0263
MICHE_p_TCGAb_428_429_NSP_GenomeWideSNP_6_B05_1521508,10,46402431,46602883,157,0.2187
MICHE_p_TCGAb_428_429_NSP_GenomeWideSNP_6_B05_1521508,10,46602907,47559596,306,-0.0243
MICHE_p_TCGAb_428_429_NSP_GenomeWideSNP_6_B05_1521508,10,47627616,48125634,24,0.6332
MICHE_p_TCGAb_428_429_NSP_GenomeWideSNP_6_B05_1521508,10,48125747,53151446,3691,0.001
MICHE_p_TCGAb_428_429_NSP_GenomeWideSNP_6_B05_1521508,10,53151465,57190828,2949,0.0517
MICHE_p_TCGAb_428_429_NSP_GenomeWideSNP_6_B05_1521508,10,57191760,65548193,5778,-0.0022
MICHE_p_TCGAb_428_429_NSP_GenomeWideSNP_6_B05_1521508,10,65548259,65554688,25,0.7802
MICHE_p_TCGAb_428_429_NSP_GenomeWideSNP_6_B05_1521508,10,65563037,65585490,29,0.1897
MICHE_p_TCGAb_428_429_NSP_GenomeWideSNP_6_B05_1521508,10,65585530,66326723,602,-0.0093
MICHE_p_TCGAb_428_429_NSP_GenomeWideSNP_6_B05_1521508,10,66327968,67597469,839,0.0664
MICHE_p_TCGAb_428_429_NSP_GenomeWideSNP_6_B05_1521508,10,67597533,76493093,5331,-0.0009
MICHE_p_TCGAb_428_429_NSP_GenomeWideSNP_6_B05_1521508,10,76497303,76497852,2,1.603
MICHE_p_TCGAb_428_429_NSP_GenomeWideSNP_6_B05_1521508,10,76501509,90700170,10172,0.0088
MICHE_p_TCGAb_428_429_NSP_GenomeWideSNP_6_B05_1521508,10,90702958,90703534,4,-1.0905
MICHE_p_TCGAb_428_429_NSP_GenomeWideSNP_6_B05_1521508,10,90711823,107865695,10767,0.0113
MICHE_p_TCGAb_428_429_NSP_GenomeWideSNP_6_B05_1521508,10,107865794,108134828,153,0.136
MICHE_p_TCGAb_428_429_NSP_GenomeWideSNP_6_B05_1521508,10,108134973,128535360,14870,0.0022
MICHE_p_TCGAb_428_429_NSP_GenomeWideSNP_6_B05_1521508,10,128535685,133438612,3410,-0.0243
MICHE_p_TCGAb_428_429_NSP_GenomeWideSNP_6_B05_1521508,10,133438843,133573736,107,0.5596
MICHE_p_TCGAb_428_429_NSP_GenomeWideSNP_6_B05_1521508,10,133574363,133769379,36,-0.008
MICHE_p_TCGAb_428_429_NSP_GenomeWideSNP_6_B05_1521508,11,198510,4946887,2478,0.0084
MICHE_p_TCGAb_428_429_NSP_GenomeWideSNP_6_B05_1521508,11,4947280,4952633,22,0.8171
MICHE_p_TCGAb_428_429_NSP_GenomeWideSNP_6_B05_1521508,11,4952648,4955852,21,0.4006
MICHE_p_TCGAb_428_429_NSP_GenomeWideSNP_6_B05_1521508,11,4957152,5766175,782,0.0035
MICHE_p_TCGAb_428_429_NSP_GenomeWideSNP_6_B05_1521508,11,5766850,5787909,32,-0.6493
MICHE_p_TCGAb_428_429_NSP_GenomeWideSNP_6_B05_1521508,11,5788108,6083601,240,0.0451
MICHE_p_TCGAb_428_429_NSP_GenomeWideSNP_6_B05_1521508,11,6086560,6110060,14,0.5252
MICHE_p_TCGAb_428_429_NSP_GenomeWideSNP_6_B05_1521508,11,6111528,24957157,13991,0.0047
MICHE_p_TCGAb_428_429_NSP_GenomeWideSNP_6_B05_1521508,11,24957563,25269821,251,0.1125
MICHE_p_TCGAb_428_429_NSP_GenomeWideSNP_6_B05_1521508,11,25269841,36957348,8329,0.0009
MICHE_p_TCGAb_428_429_NSP_GenomeWideSNP_6_B05_1521508,11,36957460,37766306,549,0.0797
MICHE_p_TCGAb_428_429_NSP_GenomeWideSNP_6_B05_1521508,11,37766931,48907090,6826,0.0097
MICHE_p_TCGAb_428_429_NSP_GenomeWideSNP_6_B05_1521508,11,48908166,48908776,5,1.1857
MICHE_p_TCGAb_428_429_NSP_GenomeWideSNP_6_B05_1521508,11,48943181,49626199,317,0.0188
MICHE_p_TCGAb_428_429_NSP_GenomeWideSNP_6_B05_1521508,11,49640377,56296194,1282,0.105
MICHE_p_TCGAb_428_429_NSP_GenomeWideSNP_6_B05_1521508,11,56297733,81792426,14197,0.0065
MICHE_p_TCGAb_428_429_NSP_GenomeWideSNP_6_B05_1521508,11,81792950,81806116,10,-0.6059
MICHE_p_TCGAb_428_429_NSP_GenomeWideSNP_6_B05_1521508,11,81811590,101723653,14023,0.0166
MICHE_p_TCGAb_428_429_NSP_GenomeWideSNP_6_B05_1521508,11,101727129,101727233,4,1.8096
MICHE_p_TCGAb_428_429_NSP_GenomeWideSNP_6_B05_1521508,11,101727481,107359993,3807,0.0116
MICHE_p_TCGAb_428_429_NSP_GenomeWideSNP_6_B05_1521508,11,107367930,107386439,9,0.6329
MICHE_p_TCGAb_428_429_NSP_GenomeWideSNP_6_B05_1521508,11,107386663,107783017,308,0.0008
MICHE_p_TCGAb_428_429_NSP_GenomeWideSNP_6_B05_1521508,11,107783579,107800875,15,0.5674
MICHE_p_TCGAb_428_429_NSP_GenomeWideSNP_6_B05_1521508,11,107801319,134731118,19347,-0.0011
MICHE_p_TCGAb_428_429_NSP_GenomeWideSNP_6_B05_1521508,11,134731897,134734098,4,-1.1496
MICHE_p_TCGAb_428_429_NSP_GenomeWideSNP_6_B05_1521508,11,134737977,135074876,282,-0.0325
MICHE_p_TCGAb_428_429_NSP_GenomeWideSNP_6_B05_1521508,12,51460,754667,413,0.0095
MICHE_p_TCGAb_428_429_NSP_GenomeWideSNP_6_B05_1521508,12,754908,770731,38,0.3315
MICHE_p_TCGAb_428_429_NSP_GenomeWideSNP_6_B05_1521508,12,770746,2126723,815,0.0297
MICHE_p_TCGAb_428_429_NSP_GenomeWideSNP_6_B05_1521508,12,2136696,2148857,42,-0.6184
MICHE_p_TCGAb_428_429_NSP_GenomeWideSNP_6_B05_1521508,12,2148938,9477960,4898,0.0008
MICHE_p_TCGAb_428_429_NSP_GenomeWideSNP_6_B05_1521508,12,9481274,9575696,25,0.9868
MICHE_p_TCGAb_428_429_NSP_GenomeWideSNP_6_B05_1521508,12,9582373,33141653,16639,0.0059
MICHE_p_TCGAb_428_429_NSP_GenomeWideSNP_6_B05_1521508,12,33141688,38702894,1336,0.0829
MICHE_p_TCGAb_428_429_NSP_GenomeWideSNP_6_B05_1521508,12,38703978,42787027,2676,-0.0095
MICHE_p_TCGAb_428_429_NSP_GenomeWideSNP_6_B05_1521508,12,42787161,43629265,545,0.0827
MICHE_p_TCGAb_428_429_NSP_GenomeWideSNP_6_B05_1521508,12,43631329,61190643,10181,0.0034
MICHE_p_TCGAb_428_429_NSP_GenomeWideSNP_6_B05_1521508,12,61190699,61198442,11,0.4943
MICHE_p_TCGAb_428_429_NSP_GenomeWideSNP_6_B05_1521508,12,61198700,72807819,7616,0.0006
MICHE_p_TCGAb_428_429_NSP_GenomeWideSNP_6_B05_1521508,12,72812551,72812626,2,-2.5025
MICHE_p_TCGAb_428_429_NSP_GenomeWideSNP_6_B05_1521508,12,72813411,72848336,20,0.0147
MICHE_p_TCGAb_428_429_NSP_GenomeWideSNP_6_B05_1521508,12,72851624,72860936,6,0.5739
MICHE_p_TCGAb_428_429_NSP_GenomeWideSNP_6_B05_1521508,12,72866629,80446147,4837,0.0072
MICHE_p_TCGAb_428_429_NSP_GenomeWideSNP_6_B05_1521508,12,80446276,80456531,2,-1.6187
MICHE_p_TCGAb_428_429_NSP_GenomeWideSNP_6_B05_1521508,12,80458187,90089573,5719,0.0075
MICHE_p_TCGAb_428_429_NSP_GenomeWideSNP_6_B05_1521508,12,90097892,90098297,7,0.8457
MICHE_p_TCGAb_428_429_NSP_GenomeWideSNP_6_B05_1521508,12,90099780,99332825,6412,-0.0013
MICHE_p_TCGAb_428_429_NSP_GenomeWideSNP_6_B05_1521508,12,99333353,100194420,517,0.0662
MICHE_p_TCGAb_428_429_NSP_GenomeWideSNP_6_B05_1521508,12,100196685,107897433,5312,0.0016
MICHE_p_TCGAb_428_429_NSP_GenomeWideSNP_6_B05_1521508,12,107902178,107902483,2,-2.3777
MICHE_p_TCGAb_428_429_NSP_GenomeWideSNP_6_B05_1521508,12,107902726,131042822,15909,-0.0044
MICHE_p_TCGAb_428_429_NSP_GenomeWideSNP_6_B05_1521508,12,131048749,131458280,344,-0.088
MICHE_p_TCGAb_428_429_NSP_GenomeWideSNP_6_B05_1521508,12,131458295,131648039,179,0.0086
MICHE_p_TCGAb_428_429_NSP_GenomeWideSNP_6_B05_1521508,12,131648066,131648258,4,0.7841
MICHE_p_TCGAb_428_429_NSP_GenomeWideSNP_6_B05_1521508,12,131648530,132889144,433,0.0194
MICHE_p_TCGAb_428_429_NSP_GenomeWideSNP_6_B05_1521508,12,132889530,133201603,146,0.1571
MICHE_p_TCGAb_428_429_NSP_GenomeWideSNP_6_B05_1521508,13,18452809,20318259,951,0.0334
MICHE_p_TCGAb_428_429_NSP_GenomeWideSNP_6_B05_1521508,13,20318465,20318550,2,-1.5726
MICHE_p_TCGAb_428_429_NSP_GenomeWideSNP_6_B05_1521508,13,20320213,50791195,21650,0.0015
MICHE_p_TCGAb_428_429_NSP_GenomeWideSNP_6_B05_1521508,13,50791561,50988296,115,0.1421
MICHE_p_TCGAb_428_429_NSP_GenomeWideSNP_6_B05_1521508,13,50989000,54481796,2027,0.0094
MICHE_p_TCGAb_428_429_NSP_GenomeWideSNP_6_B05_1521508,13,54481994,54899559,247,0.1071
MICHE_p_TCGAb_428_429_NSP_GenomeWideSNP_6_B05_1521508,13,54899597,57184136,1137,0.0101
MICHE_p_TCGAb_428_429_NSP_GenomeWideSNP_6_B05_1521508,13,57184155,57422271,169,0.2323
MICHE_p_TCGAb_428_429_NSP_GenomeWideSNP_6_B05_1521508,13,57425103,63419476,3526,0.013
MICHE_p_TCGAb_428_429_NSP_GenomeWideSNP_6_B05_1521508,13,63419623,64372411,564,0.117
MICHE_p_TCGAb_428_429_NSP_GenomeWideSNP_6_B05_1521508,13,64372566,68664023,2671,0.0233
MICHE_p_TCGAb_428_429_NSP_GenomeWideSNP_6_B05_1521508,13,68667947,68685697,28,0.3028
MICHE_p_TCGAb_428_429_NSP_GenomeWideSNP_6_B05_1521508,13,68685820,70700919,1355,0.0236
MICHE_p_TCGAb_428_429_NSP_GenomeWideSNP_6_B05_1521508,13,70701289,81755188,7542,-0.0041
MICHE_p_TCGAb_428_429_NSP_GenomeWideSNP_6_B05_1521508,13,81755686,82142934,223,0.038
MICHE_p_TCGAb_428_429_NSP_GenomeWideSNP_6_B05_1521508,13,82147282,82183021,19,0.3878
MICHE_p_TCGAb_428_429_NSP_GenomeWideSNP_6_B05_1521508,13,82183027,114342922,22101,0.0036
MICHE_p_TCGAb_428_429_NSP_GenomeWideSNP_6_B05_1521508,14,18225647,19675350,63,0.0163
MICHE_p_TCGAb_428_429_NSP_GenomeWideSNP_6_B05_1521508,14,19689684,19957701,113,0.3309
MICHE_p_TCGAb_428_429_NSP_GenomeWideSNP_6_B05_1521508,14,19957752,21925183,1335,0.016
MICHE_p_TCGAb_428_429_NSP_GenomeWideSNP_6_B05_1521508,14,21925345,22501252,489,0.1448
MICHE_p_TCGAb_428_429_NSP_GenomeWideSNP_6_B05_1521508,14,22501272,39239191,10565,0.002
MICHE_p_TCGAb_428_429_NSP_GenomeWideSNP_6_B05_1521508,14,39244450,40999447,1054,0.034
MICHE_p_TCGAb_428_429_NSP_GenomeWideSNP_6_B05_1521508,14,40999728,41009525,33,0.3136
MICHE_p_TCGAb_428_429_NSP_GenomeWideSNP_6_B05_1521508,14,41009901,41141293,123,0.0073
MICHE_p_TCGAb_428_429_NSP_GenomeWideSNP_6_B05_1521508,14,41141487,41184774,12,-0.5
MICHE_p_TCGAb_428_429_NSP_GenomeWideSNP_6_B05_1521508,14,41188046,43287414,1318,0.0318
MICHE_p_TCGAb_428_429_NSP_GenomeWideSNP_6_B05_1521508,14,43288955,43562942,139,0.1781
MICHE_p_TCGAb_428_429_NSP_GenomeWideSNP_6_B05_1521508,14,43572727,44221982,395,0.0659
MICHE_p_TCGAb_428_429_NSP_GenomeWideSNP_6_B05_1521508,14,44222253,44222754,3,0.9183
MICHE_p_TCGAb_428_429_NSP_GenomeWideSNP_6_B05_1521508,14,44224082,48545390,2519,0.0359
MICHE_p_TCGAb_428_429_NSP_GenomeWideSNP_6_B05_1521508,14,48546114,89365745,26589,0.0008
MICHE_p_TCGAb_428_429_NSP_GenomeWideSNP_6_B05_1521508,14,89367791,89369379,3,-1.0877
MICHE_p_TCGAb_428_429_NSP_GenomeWideSNP_6_B05_1521508,14,89369926,106340102,10441,0.0019
MICHE_p_TCGAb_428_429_NSP_GenomeWideSNP_6_B05_1521508,14,106340305,106364815,9,-1.0485
MICHE_p_TCGAb_428_429_NSP_GenomeWideSNP_6_B05_1521508,14,106365807,106456473,65,0.0706
MICHE_p_TCGAb_428_429_NSP_GenomeWideSNP_6_B05_1521508,14,106456576,106462132,10,0.4577
MICHE_p_TCGAb_428_429_NSP_GenomeWideSNP_6_B05_1521508,14,106462144,106697156,136,0.038
MICHE_p_TCGAb_428_429_NSP_GenomeWideSNP_6_B05_1521508,14,106704308,106710340,8,-0.5779
MICHE_p_TCGAb_428_429_NSP_GenomeWideSNP_6_B05_1521508,14,106711719,106877229,82,-0.0162
MICHE_p_TCGAb_428_429_NSP_GenomeWideSNP_6_B05_1521508,15,19811075,20285134,75,0.0004
MICHE_p_TCGAb_428_429_NSP_GenomeWideSNP_6_B05_1521508,15,20289044,20422239,68,-0.8731
MICHE_p_TCGAb_428_429_NSP_GenomeWideSNP_6_B05_1521508,15,20441322,20968557,123,-0.3119
MICHE_p_TCGAb_428_429_NSP_GenomeWideSNP_6_B05_1521508,15,20981071,20995371,8,0.3809
MICHE_p_TCGAb_428_429_NSP_GenomeWideSNP_6_B05_1521508,15,20996204,20996207,4,-0.7179
MICHE_p_TCGAb_428_429_NSP_GenomeWideSNP_6_B05_1521508,15,21005443,21071626,10,0.1153
MICHE_p_TCGAb_428_429_NSP_GenomeWideSNP_6_B05_1521508,15,21078947,21975606,17,-0.4516
MICHE_p_TCGAb_428_429_NSP_GenomeWideSNP_6_B05_1521508,15,21992526,22299523,112,-1.6174
MICHE_p_TCGAb_428_429_NSP_GenomeWideSNP_6_B05_1521508,15,22385549,22413892,5,-0.2242
MICHE_p_TCGAb_428_429_NSP_GenomeWideSNP_6_B05_1521508,15,22483981,22606743,8,0.5956
MICHE_p_TCGAb_428_429_NSP_GenomeWideSNP_6_B05_1521508,15,22619114,24226855,914,0.0393
MICHE_p_TCGAb_428_429_NSP_GenomeWideSNP_6_B05_1521508,15,24227083,24259010,14,-0.657
MICHE_p_TCGAb_428_429_NSP_GenomeWideSNP_6_B05_1521508,15,24263561,28460856,2870,0.0061
MICHE_p_TCGAb_428_429_NSP_GenomeWideSNP_6_B05_1521508,15,28464146,28697827,29,0.3276
MICHE_p_TCGAb_428_429_NSP_GenomeWideSNP_6_B05_1521508,15,28697896,30284526,887,0.001
MICHE_p_TCGAb_428_429_NSP_GenomeWideSNP_6_B05_1521508,15,30291233,30297594,2,-1.4598
MICHE_p_TCGAb_428_429_NSP_GenomeWideSNP_6_B05_1521508,15,30297851,32683854,1224,0.0404
MICHE_p_TCGAb_428_429_NSP_GenomeWideSNP_6_B05_1521508,15,32685340,33983061,1201,-0.0265
MICHE_p_TCGAb_428_429_NSP_GenomeWideSNP_6_B05_1521508,15,33983367,33985310,4,-0.8991
MICHE_p_TCGAb_428_429_NSP_GenomeWideSNP_6_B05_1521508,15,33987030,34408482,234,0.0051
MICHE_p_TCGAb_428_429_NSP_GenomeWideSNP_6_B05_1521508,15,34421922,34481079,45,0.2536
MICHE_p_TCGAb_428_429_NSP_GenomeWideSNP_6_B05_1521508,15,34484361,65521764,19952,-0.0018
MICHE_p_TCGAb_428_429_NSP_GenomeWideSNP_6_B05_1521508,15,65524604,65526049,3,-2.3692
MICHE_p_TCGAb_428_429_NSP_GenomeWideSNP_6_B05_1521508,15,65530196,76586021,6544,-0.0032
MICHE_p_TCGAb_428_429_NSP_GenomeWideSNP_6_B05_1521508,15,76598900,76603003,15,1.0393
MICHE_p_TCGAb_428_429_NSP_GenomeWideSNP_6_B05_1521508,15,76603426,76603434,7,0.7035
MICHE_p_TCGAb_428_429_NSP_GenomeWideSNP_6_B05_1521508,15,76609838,82403496,3661,-0.0035
MICHE_p_TCGAb_428_429_NSP_GenomeWideSNP_6_B05_1521508,15,82414421,82440111,4,-1.6389
MICHE_p_TCGAb_428_429_NSP_GenomeWideSNP_6_B05_1521508,15,82500828,83819988,729,-0.0033
MICHE_p_TCGAb_428_429_NSP_GenomeWideSNP_6_B05_1521508,15,83824218,83824253,2,-1.3852
MICHE_p_TCGAb_428_429_NSP_GenomeWideSNP_6_B05_1521508,15,83824633,87275644,2315,0.0093
MICHE_p_TCGAb_428_429_NSP_GenomeWideSNP_6_B05_1521508,15,87287299,87327270,40,-0.9929
MICHE_p_TCGAb_428_429_NSP_GenomeWideSNP_6_B05_1521508,15,87327502,100066228,9508,0.0043
MICHE_p_TCGAb_428_429_NSP_GenomeWideSNP_6_B05_1521508,15,100074171,100083865,11,0.6339
MICHE_p_TCGAb_428_429_NSP_GenomeWideSNP_6_B05_1521508,15,100090520,101928837,1411,0.0108
MICHE_p_TCGAb_428_429_NSP_GenomeWideSNP_6_B05_1521508,16,10777,15463766,11289,0.0018
MICHE_p_TCGAb_428_429_NSP_GenomeWideSNP_6_B05_1521508,16,15464485,15480853,11,-0.9035
MICHE_p_TCGAb_428_429_NSP_GenomeWideSNP_6_B05_1521508,16,15501778,18335528,1512,0.0112
MICHE_p_TCGAb_428_429_NSP_GenomeWideSNP_6_B05_1521508,16,18540265,18545889,3,1.7988
MICHE_p_TCGAb_428_429_NSP_GenomeWideSNP_6_B05_1521508,16,18583078,21378649,1645,-0.0056
MICHE_p_TCGAb_428_429_NSP_GenomeWideSNP_6_B05_1521508,16,21401082,22731594,495,0.0952
MICHE_p_TCGAb_428_429_NSP_GenomeWideSNP_6_B05_1521508,16,22733081,32081442,5129,0.0106
MICHE_p_TCGAb_428_429_NSP_GenomeWideSNP_6_B05_1521508,16,32081513,33090283,159,-0.2323
MICHE_p_TCGAb_428_429_NSP_GenomeWideSNP_6_B05_1521508,16,33340712,35042950,187,0.1889
MICHE_p_TCGAb_428_429_NSP_GenomeWideSNP_6_B05_1521508,16,35047887,55788057,6914,-0.0052
MICHE_p_TCGAb_428_429_NSP_GenomeWideSNP_6_B05_1521508,16,55788485,55788532,2,1.1697
MICHE_p_TCGAb_428_429_NSP_GenomeWideSNP_6_B05_1521508,16,55795645,70117657,8766,-0.0004
MICHE_p_TCGAb_428_429_NSP_GenomeWideSNP_6_B05_1521508,16,70118419,70164453,13,-0.521
MICHE_p_TCGAb_428_429_NSP_GenomeWideSNP_6_B05_1521508,16,70164493,71113237,458,-0.0071
MICHE_p_TCGAb_428_429_NSP_GenomeWideSNP_6_B05_1521508,16,71115067,71115757,3,-1.0381
MICHE_p_TCGAb_428_429_NSP_GenomeWideSNP_6_B05_1521508,16,71119627,74363160,2044,-0.0001
MICHE_p_TCGAb_428_429_NSP_GenomeWideSNP_6_B05_1521508,16,74364089,74373481,6,-0.7761
MICHE_p_TCGAb_428_429_NSP_GenomeWideSNP_6_B05_1521508,16,74418138,78337711,3214,0.0088
MICHE_p_TCGAb_428_429_NSP_GenomeWideSNP_6_B05_1521508,16,78338543,78350868,17,0.7862
MICHE_p_TCGAb_428_429_NSP_GenomeWideSNP_6_B05_1521508,16,78351104,80123127,2190,-0.0231
MICHE_p_TCGAb_428_429_NSP_GenomeWideSNP_6_B05_1521508,16,80125332,80125807,4,-0.9918
MICHE_p_TCGAb_428_429_NSP_GenomeWideSNP_6_B05_1521508,16,80126016,83760390,3935,-0.0069
MICHE_p_TCGAb_428_429_NSP_GenomeWideSNP_6_B05_1521508,16,83760392,83760401,2,-1.3338
MICHE_p_TCGAb_428_429_NSP_GenomeWideSNP_6_B05_1521508,16,83760419,85486591,1441,-0.0132
MICHE_p_TCGAb_428_429_NSP_GenomeWideSNP_6_B05_1521508,16,85487327,85487349,2,-1.4708
MICHE_p_TCGAb_428_429_NSP_GenomeWideSNP_6_B05_1521508,16,85490251,90221127,3069,-0.0078
MICHE_p_TCGAb_428_429_NSP_GenomeWideSNP_6_B05_1521508,17,150733,4641036,2445,0.0148
MICHE_p_TCGAb_428_429_NSP_GenomeWideSNP_6_B05_1521508,17,4641171,4641256,2,-2.2109
MICHE_p_TCGAb_428_429_NSP_GenomeWideSNP_6_B05_1521508,17,4643884,16834846,8075,0.0018
MICHE_p_TCGAb_428_429_NSP_GenomeWideSNP_6_B05_1521508,17,16836956,16838214,3,-1.37
MICHE_p_TCGAb_428_429_NSP_GenomeWideSNP_6_B05_1521508,17,16838470,34410027,6745,0.0012
MICHE_p_TCGAb_428_429_NSP_GenomeWideSNP_6_B05_1521508,17,34411338,34666590,242,-0.1304
MICHE_p_TCGAb_428_429_NSP_GenomeWideSNP_6_B05_1521508,17,34666641,36109315,876,0.0095
MICHE_p_TCGAb_428_429_NSP_GenomeWideSNP_6_B05_1521508,17,36109735,36208249,37,1.0443
MICHE_p_TCGAb_428_429_NSP_GenomeWideSNP_6_B05_1521508,17,36460442,41266838,2516,0.0025
MICHE_p_TCGAb_428_429_NSP_GenomeWideSNP_6_B05_1521508,17,41266851,41274279,19,-0.5549
MICHE_p_TCGAb_428_429_NSP_GenomeWideSNP_6_B05_1521508,17,41276472,46131308,2545,0.0073
MICHE_p_TCGAb_428_429_NSP_GenomeWideSNP_6_B05_1521508,17,46135062,46194634,57,-0.2617
MICHE_p_TCGAb_428_429_NSP_GenomeWideSNP_6_B05_1521508,17,46199017,52934422,3694,-0.0037
MICHE_p_TCGAb_428_429_NSP_GenomeWideSNP_6_B05_1521508,17,52934714,53198759,168,0.1208
MICHE_p_TCGAb_428_429_NSP_GenomeWideSNP_6_B05_1521508,17,53200848,83090856,17837,-0.0056
MICHE_p_TCGAb_428_429_NSP_GenomeWideSNP_6_B05_1521508,18,11543,14584148,10198,0.0103
MICHE_p_TCGAb_428_429_NSP_GenomeWideSNP_6_B05_1521508,18,14585295,21104208,316,0.1021
MICHE_p_TCGAb_428_429_NSP_GenomeWideSNP_6_B05_1521508,18,21109102,40677910,12314,-0.0031
MICHE_p_TCGAb_428_429_NSP_GenomeWideSNP_6_B05_1521508,18,40678106,40690234,39,0.2768
MICHE_p_TCGAb_428_429_NSP_GenomeWideSNP_6_B05_1521508,18,40690250,44396921,2362,0.003
MICHE_p_TCGAb_428_429_NSP_GenomeWideSNP_6_B05_1521508,18,44396989,44398660,5,-0.7733
MICHE_p_TCGAb_428_429_NSP_GenomeWideSNP_6_B05_1521508,18,44402706,65536707,14767,0.0016
MICHE_p_TCGAb_428_429_NSP_GenomeWideSNP_6_B05_1521508,18,65537087,66065646,386,0.1034
MICHE_p_TCGAb_428_429_NSP_GenomeWideSNP_6_B05_1521508,18,66065661,67972740,1358,0.0025
MICHE_p_TCGAb_428_429_NSP_GenomeWideSNP_6_B05_1521508,18,67972760,68536291,470,0.0784
MICHE_p_TCGAb_428_429_NSP_GenomeWideSNP_6_B05_1521508,18,68549019,71356416,1966,0.0058
MICHE_p_TCGAb_428_429_NSP_GenomeWideSNP_6_B05_1521508,18,71360069,73279874,1495,0.0813
MICHE_p_TCGAb_428_429_NSP_GenomeWideSNP_6_B05_1521508,18,73280956,73281003,2,1.2982
MICHE_p_TCGAb_428_429_NSP_GenomeWideSNP_6_B05_1521508,18,73281048,73558584,248,0.1002
MICHE_p_TCGAb_428_429_NSP_GenomeWideSNP_6_B05_1521508,18,73559418,78900693,4175,-0.0043
MICHE_p_TCGAb_428_429_NSP_GenomeWideSNP_6_B05_1521508,18,78902714,78904863,5,-1.1046
MICHE_p_TCGAb_428_429_NSP_GenomeWideSNP_6_B05_1521508,18,78906449,80257174,705,0.0015
MICHE_p_TCGAb_428_429_NSP_GenomeWideSNP_6_B05_1521508,19,90910,9163124,3399,0.016
MICHE_p_TCGAb_428_429_NSP_GenomeWideSNP_6_B05_1521508,19,9163996,9167445,5,-3.4613
MICHE_p_TCGAb_428_429_NSP_GenomeWideSNP_6_B05_1521508,19,9174084,19828616,5192,0.011
MICHE_p_TCGAb_428_429_NSP_GenomeWideSNP_6_B05_1521508,19,19829788,27844816,2788,0.0565
MICHE_p_TCGAb_428_429_NSP_GenomeWideSNP_6_B05_1521508,19,27845337,35358420,5421,0.0037
MICHE_p_TCGAb_428_429_NSP_GenomeWideSNP_6_B05_1521508,19,35358591,35370946,22,-0.446
MICHE_p_TCGAb_428_429_NSP_GenomeWideSNP_6_B05_1521508,19,35375842,36339409,442,0.0066
MICHE_p_TCGAb_428_429_NSP_GenomeWideSNP_6_B05_1521508,19,36354973,36356495,8,-0.6361
MICHE_p_TCGAb_428_429_NSP_GenomeWideSNP_6_B05_1521508,19,36356511,43139226,3435,0.0153
MICHE_p_TCGAb_428_429_NSP_GenomeWideSNP_6_B05_1521508,19,43142632,43230258,43,-0.8494
MICHE_p_TCGAb_428_429_NSP_GenomeWideSNP_6_B05_1521508,19,43231593,51628560,4170,0.0108
MICHE_p_TCGAb_428_429_NSP_GenomeWideSNP_6_B05_1521508,19,51639099,51644944,11,-2.7865
MICHE_p_TCGAb_428_429_NSP_GenomeWideSNP_6_B05_1521508,19,51651652,55757730,2516,0.0351
MICHE_p_TCGAb_428_429_NSP_GenomeWideSNP_6_B05_1521508,19,55760397,55774927,10,0.6971
MICHE_p_TCGAb_428_429_NSP_GenomeWideSNP_6_B05_1521508,19,55777575,58586487,1849,0.0166
MICHE_p_TCGAb_428_429_NSP_GenomeWideSNP_6_B05_1521508,20,80664,225761,112,0.1662
MICHE_p_TCGAb_428_429_NSP_GenomeWideSNP_6_B05_1521508,20,226548,1562763,1057,-0.0019
MICHE_p_TCGAb_428_429_NSP_GenomeWideSNP_6_B05_1521508,20,1564197,1580353,38,0.1588
MICHE_p_TCGAb_428_429_NSP_GenomeWideSNP_6_B05_1521508,20,1580934,1601446,35,1.8243
MICHE_p_TCGAb_428_429_NSP_GenomeWideSNP_6_B05_1521508,20,1601561,5507202,2850,0.0151
MICHE_p_TCGAb_428_429_NSP_GenomeWideSNP_6_B05_1521508,20,5507444,5692866,114,0.1604
MICHE_p_TCGAb_428_429_NSP_GenomeWideSNP_6_B05_1521508,20,5697092,52031054,29287,0.001
MICHE_p_TCGAb_428_429_NSP_GenomeWideSNP_6_B05_1521508,20,52036258,52038037,5,-0.8175
MICHE_p_TCGAb_428_429_NSP_GenomeWideSNP_6_B05_1521508,20,52041360,54035819,1503,0.0017
MICHE_p_TCGAb_428_429_NSP_GenomeWideSNP_6_B05_1521508,20,54035821,54037898,21,0.2886
MICHE_p_TCGAb_428_429_NSP_GenomeWideSNP_6_B05_1521508,20,54038008,54065071,48,0.039
MICHE_p_TCGAb_428_429_NSP_GenomeWideSNP_6_B05_1521508,20,54065291,54065389,5,-1.7275
MICHE_p_TCGAb_428_429_NSP_GenomeWideSNP_6_B05_1521508,20,54065719,64324800,7417,-0.0013
MICHE_p_TCGAb_428_429_NSP_GenomeWideSNP_6_B05_1521508,21,10336543,10559031,78,-0.0696
MICHE_p_TCGAb_428_429_NSP_GenomeWideSNP_6_B05_1521508,21,10568901,13683875,280,0.1076
MICHE_p_TCGAb_428_429_NSP_GenomeWideSNP_6_B05_1521508,21,13683941,22170124,6039,0.0069
MICHE_p_TCGAb_428_429_NSP_GenomeWideSNP_6_B05_1521508,21,22170848,23620954,1099,0.0735
MICHE_p_TCGAb_428_429_NSP_GenomeWideSNP_6_B05_1521508,21,23623024,46677045,16909,0
MICHE_p_TCGAb_428_429_NSP_GenomeWideSNP_6_B05_1521508,22,15294545,15500907,32,0.0922
MICHE_p_TCGAb_428_429_NSP_GenomeWideSNP_6_B05_1521508,22,15533084,15875619,57,-0.4514
MICHE_p_TCGAb_428_429_NSP_GenomeWideSNP_6_B05_1521508,22,15900820,18142004,1092,0.0085
MICHE_p_TCGAb_428_429_NSP_GenomeWideSNP_6_B05_1521508,22,18143362,18146386,8,-1.0129
MICHE_p_TCGAb_428_429_NSP_GenomeWideSNP_6_B05_1521508,22,18147293,22119549,2101,0.0123
MICHE_p_TCGAb_428_429_NSP_GenomeWideSNP_6_B05_1521508,22,22119654,22120255,5,-2.7414
MICHE_p_TCGAb_428_429_NSP_GenomeWideSNP_6_B05_1521508,22,22127104,23350088,889,-0.0086
MICHE_p_TCGAb_428_429_NSP_GenomeWideSNP_6_B05_1521508,22,23350551,23351071,2,1.1543
MICHE_p_TCGAb_428_429_NSP_GenomeWideSNP_6_B05_1521508,22,23351509,42503434,13204,-0.0017
MICHE_p_TCGAb_428_429_NSP_GenomeWideSNP_6_B05_1521508,22,42508600,42536412,19,0.52
MICHE_p_TCGAb_428_429_NSP_GenomeWideSNP_6_B05_1521508,22,42538456,49016479,4987,-0.0074
MICHE_p_TCGAb_428_429_NSP_GenomeWideSNP_6_B05_1521508,22,49018414,49604319,586,-0.0801
MICHE_p_TCGAb_428_429_NSP_GenomeWideSNP_6_B05_1521508,22,49604516,50796027,537,0.0088
MICHE_p_TCGAb_428_429_NSP_GenomeWideSNP_6_B05_1521508,X,2785350,3223963,336,-0.0312
MICHE_p_TCGAb_428_429_NSP_GenomeWideSNP_6_B05_1521508,X,3224139,3224442,3,-3.6405
MICHE_p_TCGAb_428_429_NSP_GenomeWideSNP_6_B05_1521508,X,3224474,4238018,629,-0.0098
MICHE_p_TCGAb_428_429_NSP_GenomeWideSNP_6_B05_1521508,X,4238354,4238393,2,-5.1087
MICHE_p_TCGAb_428_429_NSP_GenomeWideSNP_6_B05_1521508,X,4240512,117717166,60625,0.009
MICHE_p_TCGAb_428_429_NSP_GenomeWideSNP_6_B05_1521508,X,117717732,117717859,2,-4.2211
MICHE_p_TCGAb_428_429_NSP_GenomeWideSNP_6_B05_1521508,X,117718116,144607169,15697,0.0147
MICHE_p_TCGAb_428_429_NSP_GenomeWideSNP_6_B05_1521508,X,144607841,144608013,2,-5.4916
MICHE_p_TCGAb_428_429_NSP_GenomeWideSNP_6_B05_1521508,X,144610268,153412070,5870,-0.005
MICHE_p_TCGAb_428_429_NSP_GenomeWideSNP_6_B05_1521508,X,153412224,153412601,2,-5.3514
MICHE_p_TCGAb_428_429_NSP_GenomeWideSNP_6_B05_1521508,X,153415358,154831137,594,-0.0349
MICHE_p_TCGAb_428_429_NSP_GenomeWideSNP_6_B05_1521508,X,154833272,155235513,171,0.1225
MICHE_p_TCGAb_428_429_NSP_GenomeWideSNP_6_B05_1521508,X,155237303,155238267,3,1.1254
MICHE_p_TCGAb_428_429_NSP_GenomeWideSNP_6_B05_1521508,X,155239083,155699837,183,0.1279
MICHE_p_TCGAb_428_429_NSP_GenomeWideSNP_6_B05_1521508,Y,2782397,7658027,1456,-0.8549
MICHE_p_TCGAb_428_429_NSP_GenomeWideSNP_6_B05_1521508,Y,7658374,12363965,1557,-0.9325
MICHE_p_TCGAb_428_429_NSP_GenomeWideSNP_6_B05_1521508,Y,12363974,56872112,5576,-0.8804
